{
    "loss": 18.15209197998047,
    "accuracy": 0.5686274766921997
}