{
    "loss": 1.1602792739868164,
    "accuracy": 0.6176470518112183
}